NO,NAMA OBJEK WISATA,JENIS,ALAMAT/LOKASI,KECAMATAN,JAM OPERASIONAL/JAM BUKA,HARGA TIKET,TOTAL KUNJUNGAN,DESKRIPSI OBJEK WISATA
1,Cipanas Cileungsing,Wisata Alam,Dusun  Cileungsing  Desa Cilangkap Kecamatan Buahdua,Buahdua,09.00 - 17.00,"weekday : 10000
weekend : 12000",76889,"Tempat wisata di Sumedang berikutnya adalah pemandian air panas Cileungsing yang ada di Desa Cilangkap. Pemandian air panas ini sangat populer bagi masyarakat sekitar, tidak heran kalau pemandian ini selalu ramai oleh wisatawan, terutama saat liburan atau akhir pekan.
Selain untuk mandi, pemandian air panas ini juga sangat bermanfaat untuk kesehatan. Selain itu setelah anda habis menikmati pemandian air panas maka wisatawan bisa bersantai di taman yang telah disediakan untuk bermain dengan keluarga anda ataupun sekedar duduk santai menikmati udara segar. Lokasi wisata ini terletak di Desa Cilangkap, Kecamatan Buah Bua, Kabupaten Sumedang, Jawa Barat, Indonesia"
2,BGG GOLF & RESORT,Wisata Buatan,Jl. Raya Jatinangor No Km. 20 ,Jatinangor,09.00 - 17.00,"weekday : 965600
weekend : 1515500",38383,"Padang golf Bandung Giri Gahana terletak di dataran tinggi Jatinangor yang memiliki ketinggian 900 mdpl. Maka tak heran jika para golfer akan disajikan pemandangan pegunungan yang indah, fairway yang luas, hijaunya rumput Bermuda dan Brent yang luas serta udara yang sejuk.
Lapangan golf di Jatiangor yang dirancang oleh Michael Coates dari Austro Asian Golf & Association ini memiliki panjang sekitar 7.176 yards jika diukur dari Profesional Tees serta 18 holes dan par 72. Bandung Giri Gahana Golf menawarkan 2 pertandingan yakni 9 holes di bagian depan clubhouse yang disebut Giri dan 9 holes di bagian belakang yang disebut dengan Gahana. Yang menarik dari tempat ini adalah tersedianya fasilitas resort berbintang 4 dengan berbagai fasilitas kelas dunia. Sehingga Wisatawan tidak hanya bisa bermain golf saja tapi juga bisa berekreasi bersama keluarga."
3,Cipacet Sukasari,Wisata Alam,Dusun cibolang rt 03 rw 06 desa kebonkalapa kec cisarua,Cisarua,09.00 - 17.00,"weekday : Gratis
weekend : Gratis",3863,"Tempat wisata alam Cipacet di Desa Genteng, Kecamatan Sukasari menjadi salah satu destinasi pariwisata unggulan baru di Sumedang. Wisata Alam Cipacet terkenal dengan air sungainya yang jernih, aliran airnya yang deras membuat tempat tersebut seru digunakan untuk bermain air. Wisata Cipacet juga menyediakan tempat camping, wisatawan bisa memasang tenda di antara bentang alam yang indah. Namun, jika ingin menikmati wahana permainan, ada biaya tambahan untuk tiap jenis permainannya."
4,Gunung Lingga,Wisata Alam,"Linggajaya, Cisitu, Kabupaten Sumedang,",Cisitu,09.00 - 17.00,"weekday : Gratis
weekend : Gratis",2304,"Batu Dua Gunung Lingga merupakan tempat wisata alam hits di Sumedang yang kini ramai dan mulai banyak dikunjungi oleh para wisatawan di Indonesia. Tempat ini cocok bagi kamu yang ingin liburan anti-mainstream bersama dengan teman atau keluarga. Di Batu Dua Gunung Lingga kalian bisa melakukan banyak hal seru dan menantang mulai dari menikmati alam hingga menjelajahi alam dengan Paralayang.

Daya tarik dan hal seru yang bisa kalian lakukan: Melihat Pemandangan Waduk Jatigede dan Puncak Damar Letak dari tempat wisata ini yang berada di atas ketinggian menjadikan para pengunjung yang berlibur dapat dengan jelas melihat keindahan alam berupa pemandangan indah Waduk Jatigede dan Puncak Damar, Batu Dua Lingga ini memiliki ketinggian hanya 930 mdpl. Spot Foto Indah dan Instagramable Tenang saja bagi kalian pecinta keindahan alam yang gemar berfoto disini kalian akan dengan mudah menemukan spot foto yang indah dan Instagramable, berkunjung ke tempat wisata kurang afdol rasanya jika tidak mengabaikan momen liburan, dengan latar belakang langit biru dan hamparan rerumputan hijau menciptakan keindahan alami yang sayang untuk dilewatkan. Paralayang Sesuai dengan namanya disini kamu bisa liburan anti mainstream yakni mengelilingi sekitar Gunung Batu Lingga Sumedang, naik paralayang mengelilingi tempat wisata ini akan menjadi pengalaman indah dan tak terlupakan bagi siapa saja."
5,Kawasan Wisata Batudua,Wisata Alam,"Cimarga, Cisitu, Kabupaten Sumedang",Cisitu,09.00 - 17.00,"weekday : 10000
weekend : 15000",221,"Tempat wisata di Sumedang selanjutnya cocok untuk para wisatawan yang suka dengan olahraga paralayang. Para wisatawan akan merasakan sensasi terbang di atas ketinggian di kawasan Gunung Lingga atau lebih tepatnya di Desa Linggajaya, Kecamatan Cisitu, Kabupaten Sumedang.

Kawasan gunung lingga sendiri memiliki ketinggian sekitar 930 meter di atas permukaan laut, dan menyajikan hamparan pemandangan alam yang mempesona. Lokasi lepas landas (Take Off) olah raga paralayang di Batu Dua sangat layak dan ideal dipakai event dunia paralayang. Bagi yang memiliki hobi olahraga dirgantara, arena Batu Dua harus masuk dalam daftar tempat wisata di Sumedang yang akan dikunjungi.
"
6,Keraton Sumedang  Larang/Museum Parbu Geusan ,Wisata Budaya,Kelurahan Regol Wetan Kecamatan Sumedang Selatan ,Sumedang Selatan,09.00 - 17.00,"weekday : Gratis
weekend : Gratis",10636,"Museum Prabu Geusan Ulun terletak di tengah kota Sumedang, 50 meter dari Alun-alun ke sebelah selatan, berdampingan dengan Gedung Bengkok atau Gedung Negara dan berhadapan dengan Gedung-gedung Pemerintah.

Museum Prabu Geusan Ulun dikelilingi tembok/ dinding yang tingginya 2,5 meter, dibuat pada tanggal 16 Agustus 1797. Luas halaman Museum seluas 1,88 ha, dengan dihiasi taman-taman dan ditanami pohon-pohon langka. Di dalam kompleks terdapat bangunan-bangunan yang cukup tua , yaitu Gedung Srimangati yang dibangun pada tahun 1706, Gedung Bumi Kaler (1850), dan Gedung Gendeng (1850). Selain itu, terdapat tiga gedunglainnya yang relatif baru, yaitu Gedung Gamelan (1973), Gedung Pusaka (1990), dan Gedung Kereta Naga Paksi (1996).
"
7,Agrowisata Sawah Menak,Wisata Buatan,Desa Karyamukti Kecamatan Tomo ,Tomo,09.00 - 17.00,"weekday : 5000
weekend : 5000",0,"Agrowisata sawah menak merupakan perkebunan Mangga Gedong Gincu dan Jambu Kristal bernama Sawah Menak, di Dusun Bantargintung Desa Karyamukti Kecamatan Tomo. Agrowisata Sawah Menak memakai konsep memetik dan makan buah Mangga Gedong Gincu di tempat. Selain Mangga Gedong Gincu, ada juga Jambu Kristal di perkebunan tersebut. Tempatnya sangat strategis karena berada di pinggir jalan nasional, mobil bisa langsung masuk, langsung petik, kupas dan makan di tempat, luar biasa sensasinya makan mangga dan jambu di kebunnya langsung"
8,Bukit Galau Sindulang,Wisata Buatan,Desa Sindulang Kecamatan Cimanggung,Cimanggung,09.00 - 17.00,"weekday : 5000
weekend : 5001",2677,"Bukit Galau, merupakan objek wisata alam camping ground yang menyajikan panorama alam layaknya di atas awan. Meski namanya Bukit Galau, namun kenyataannya, objek wisata alam ini menjadi lokasi yang tepat untuk menghilangkan penat. Bukit Galau berlokasi di ujung Sumedang bagian Barat. Tepatnya, di Kampung Telang, Desa Sindulang, Kecamatan Cimanggung, Kabupaten Sumedang, Jawa Barat. Dari Pasar Parakanmuncang, Cimanggung, Bukit Galau bisa ditempuh dengan jarak perjalanan kurang lebih 45 menit. Wisatawan dari arah Sumedang, bisa mengikuti akses jalan melalui Parakanmuncang. Kemudian masuk ke wilayah Tegalmanggung dan tiba di lokasi yaitu di Desa Sindulang. Setibanya di lokasi, wisatawan bisa memarkir kendaraannya di tempat yang telah pengelola sediakan. Akan tetapi, untuk menempuh titik lokasi, dari tempat parkir kendaraan tersebut, wisatawan harus menempuh perjalan dengan berjalan kaki. Dengan waktu tempuh sekitar 10 menit."
9,Buricak Burinong,Wisata Buatan,"Dsn. Cisema, Desa Pakualam, Kecamatan Darmaraja,",Darmaraja,09.00 - 17.00,"weekday : Gratis
weekend : Gratis",35006,"Buricak Burinong adalah destinasi wisata yang seru dikunjungi bersama keluarga. Daya tarik utama tempat wisata ini berupa pemandangan waduk yang luas dan menyegarkan. Dikarenakan menghadap langsung ke Waduk Jatigede, tentu saja daya tarik utama kampung wisata ini adalah pemandangan waduk tersebut. Selain itu, ada pula panorama pegunungan dan hutan pinus yang mengelilingi waduk. Pemandangan alam yang memesona menjadikan wisata ini layak untuk dikunjungi. Pengunjung juga dapat menelusuri Forest Walk, jembatan kayu setinggi 2 meter yang terletak di tengah hutan pinus. Melalui spot ini, pengunjung bisa melihat panorama alam dari ketinggian. Hutan pinus di sekitar Buricak Burinong tumbuh subur dan tentunya memanjakan mata. Meskipun tergolong wisata hidden gem, namun fasilitas yang disediakan tempat ini sangat memadai. Beberapa fasilitas yang bisa diguanakan yaitu area parkir, tempat makan, musala, toilet, hingga sewa perahu."
10,Cari Pacar,Wisata Buatan," Loji Bambayang, Kaduwulung, Situraja",Situraja,09.00 - 17.00,"weekday : 8000
weekend : 8000",1313,
11,Cibingbin,Wisata Buatan,Desa Citengah Kecamatan Sumedang Selatan ,Sumedang Selatan,09.00 - 17.00,"weekday : 5000
weekend : 5000",1968,"Saung Cibingbin adalah sebuah rumah makan yang terletak di desa Citengah, kabupaten Sumedang Jawa Barat. Lokasi saung cibingbin berada di dataran tinggi dengan nuansa alam yang hijau dan berada di pinggiran sungai. Disini wisatawan bisa menikmati aneka sajian kuliner dan menyaksikan keindahan hutan dan kejernihan sungai.

Berbagai fasilitas untuk liburan keluarga tersedia disini, mulai dari wisata alam, wisata air seperti kolam renang, kolam ikan, villa, caffe, rumah makan yang membuat menarik pengunjungnya."
12,Cigirang,Wisata Alam,Desa Cilangkap Kecamatan Buahdua,Buahdua,09.00 - 17.00,"weekday : Gratis
weekend : Gratis",42173,"Wisata Mata Air Cigirang, terletak di bawah kaki Gunung Tampomas, tepatnya di Desa Cilangkap, Kecamatan Buahdua. Objek wisata ini bernuansa alam dan memiliki 2 kolam renang yang airnya bersumber dari mata air Gunung Tampomas. Sekeliling wilayah Kolam Renang menyajikan pemandangan yang menghijau dan rimbunnya pepohonan. Sehingga sangat cocok dijadikan tempat berwisata keluarga: berenang sambil menikmati sejuknya suasana alam. Kolam renang yang tersedia terbagi ke dalam tiga jenis kedalaman yaitu kolam renang dengan kedalaman satu meter, 1,4 meter dan kedalaman 2,4 meter. Sehingga pengunjung bisa memilih, ingin berenang di kedalaman berapa.Selain fasilitas kolam renang, di Kolam Renang Cigirang ini juga tersedia fasilitas kolam terapi ikan. Kolam terapi ikan ini bisa digunakan sebagai tempat pengobatan dan untuk mengangkat sel-sel kulit yang mati pada kaki. Pengunjung bisa merendam kakinya di kolam terapi ikan ini untuk kemudian digigit-gigit oleh ikan yang terdapat di kolam ikannya."
13,Cigumentong,Wisata Alam,Desa Sindulang Kecamatan Cimanggung,Cimanggung,09.00 - 17.00,"weekday : Gratis
weekend : Gratis",757,
14,Mata air Cikandung,Wisata Alam,Desa Nyalindung Kecamatan Cimalaka,Cimalaka,09.00 - 17.00,"weekday : 15000
weekend : 15000",22815,"Objek wisata mata air Cikandung di Desa Nyalindung, Kecamatan Cimalaka bisa menjadi pilihan bagi yang suka berwisata air. Pengunjung bisa menikmati kesegaran mata air alami dari kaki Gunung Tampomas sekaligus keindahan alam disekitarnya. Di objek wisata ini, pengunjung bisa menikmati kejernihan dan kesegaran air dari kolam mata air Cikandung. Suasana yang asri serta rindangnya pepohonan yang melindungi mata air, menjadikan suhu udara di sekelilingnya menjadi sejuk."
15,Cipadayungan,Wisata Alam,Desa Padasari Kecamatan Cimalaka ,Cimalaka,09.00 - 17.00,"weekday : Gratis
weekend : Gratis",8065,"Sumedang menawarkan pesona alam yang luar biasa dengan keindahan air terjunnya yang memikat. Memiliki destinasi wisata alam yang tersembunyi bernama Curug Cipadayungan. Curug Cipadayungan menawarkan destinasi wisata alam yang murah meriah, tetapi menakjubkan. Wisatawan dapat bersantai sambil menikmati keindahan alam yang asri dan alami. Tempat ini berada di Bangbayang, Padasari, Kecamatan Cimalaka, Kabupaten Sumedang. Kawasan curug ini dipenuhi dengan pepohonan pinus yang rindang, sehingga memberikan udara dingin dan sejuk. Selain daya tarik curugnya yang indah, area wisata ini juga memiliki camping ground yang menambah seru pengalaman untuk berlibur ke sini."
16,Ciputrawangi Narimbang,Wisata Alam,Desa Narimbang Kecamatan Conggeang,Conggeang,09.00 - 17.00,"weekday : Gratis
weekend : Gratis",2816,"Curug ini berada di gunung Tampomas. Nilai plus tersendiri untuk anda yang mendaki gunung ini, karena bisa menemukan air terjun yang indah. Beberapa jalur pendakian seperti jalur Narimbang, Cibeureum, dan Buahdua menjadi jalur favorit untuk pendaki. Jalur terbaik untuk menuju tempat ini adalah melalui jalur Narimbang, di perjalanan anda bisa menikmati keindahan Curug Ciputrawangi, yang menjadi salah satu tempat wisata di Sumedang yang sayang untuk dilewatkan.

Untuk sampai kesini, butuh perjuangan, trekking dengan kondisi medan yang menanjak berupa jalan setapak. Butuh fisik yang prima untuk menuju ke lokasi curug. Lokasi air terjun ini sendiri berada di dekat perbatasan antara Sumedang dengan Indramayu."
17,Curug  Pasir Wangi,Wisata Alam,Dsn  Sukamanah Desa  Sukamaju Kecamatan  Rancakalong,Rancakalong,09.00 - 17.00,"weekday : Gratis
weekend : Gratis",0,"Curug Pasirwangi memiliki keelokan suasana yang unik yaitu terbentuknya bebatuan yang tersusun rapih oleh alam disekeliling lokasi curug dan sekitarnya. Ketika air terjun dari Curug Pasirwangi jatuh ke bawah, airnya membentuk semacam kolam alami yang mengundang untuk berenang atau sekadar berendam. Salah satu hal yang memikat dari Curug Pasirwangi adalah aksesnya yang relatif mudah dibandingkan dengan beberapa air terjun lainnya. Untuk mencapai air terjun ini, pengunjung hanya perlu berjalan kaki sekitar 15-20 menit dari tempat parkir. Jalannya cukup terawat dengan tangga dan jalan setapak."
18,Curug Cihonje Cisitu ,Wisata Alam,Dusun Margawati Desa Cimarga Kecamatan Cisitu,Cisitu,09.00 - 17.00,"weekday : Gratis
weekend : Gratis",4011,"Curug Cihonje merupakan sebuah air terjun yang berlokasi di kawasan Desa Cimarga Kecamatan Cisitu. Tepatnya berada di kawasan hutan di sebelah barat Kampung Margawati, dengan jarak tempuh sekitar 1 km menyusuri jalan setapak menyusuri pinggiran aliran sungai. Air terjun ini berada di bagian hulu aliran Sungai Cihonje yang mengalir ke wilayah Darmaraja dan bermuara di bendungan Jatigede. Kawasan Curug Cihonje ini didominasi oleh bebatuan, baik aliran sungainya dan sekitarnya maupun aliran curugnya. Aliran air di curugnya mengalir melalui cekungan batu yang terbentuk secara alami. aliran curug ini tidak terlalu nampak jika dilihat dari aliran air Sungai Cihonje bagian hilirnya, karena terhalang dinding bebatuan. Ketinggian Curug Cihonje ini sekitar 20 meteran. Bagian bawah curugnya membentuk situ yang tidak terlalu besar dan tidak terlalu dalam yang dipenuhi air dari curug sebelum dialirkan ke aliran sungai Cihonje ke bagian hilir. Bagian ini bisa digunakan oleh pengunjung untuk bermain air atau berendam."
19,Curug Gorobog,Wisata Alam,Jl. Pagar Betis Km. 10 (Marga Windu) Desa Citengah Kecamatan Sumedang Selatan ,Sumedang Selatan,09.00 - 17.00,"weekday : 5000
weekend : 5000",3584,"Tempat wisata di Sumedang yang selanjutnya adalah sebuah ari terjun yang memiliki keindahan alam yang masih terjaga dengan baik. Nama air terjun atau curug ini adalah Curug Gorobog terletak di Desa Citengah, Kecamatan Sumedang Selatan, Kabupaten Sumedang, Provinsi Jawa Barat.

Air terjun yang indah ini berada di dalam hutan dan uniknya memiliki 3 tingkatan yang menambah eksotis air terjun ini.Air Terjun Cigorobog ini memiliki ketinggian sekitar 40 meter. Air yang mengalirnya tidak terlalu deras, namun sangat sejuk dan jernih. Jika berendam akan terasa menyejukkan badan. Di bagian paling bawahnya ada aliran sungai kecil yang bisa dipakai untuk bermain anak-anak. Jadi, tempat ini sangat cocok digunakan sebagai tempat wisata keluarga.
"
20,Curug Sabuk,Wisata Alam,Desa Sukajaya Kecamatan Sumedang Selatan,Sumedang Selatan,09.00 - 17.00,"weekday : 5000
weekend : 5000",0,
21,Curug Sindulang,Wisata Alam,Dusun  Sindulang Desa Sindulang Kecamatan Cimanggung,Cimanggung,09.00 - 17.00,"weekday : Gratis
weekend : Gratis",2773,"Curug Sindulang merupakan salah satu curug yang terkenal di wilayah Jawa Barat. Selain karena termasuk kategori curug yang tinggi dengan ketinggian sekitar 50 meter, juga curugnya bertipe ganda. Ada dua curug kembar berdampingan yang tinggi dan deras airnya sama. Letak curug ini berada di perbatasan Kabupaten Sumedang dengan Kabupaten Bandung. Walau demikian, secara administratif Curug Sindulang terletak di Desa Sindulang Kecamatan Cimanggung Kabupaten Sumedang. Untuk mengakses curug ini terbilang sangat mudah karena dapat dilalui oleh berbagai jenis kendaraan, baik roda dua maupun roda empat. Terutama dari arah Cicalengka. Dari jalan utama Bandung-Garut, saat memasuki Kilometer 11, daerah Cicalengka mengambil jalur kiri ketika ada plang penunjuk arah wisata Curug Cinulang (tepatnya di persimpangan Desa Cikopo). Dari papan penunjuk jalan tersebut, maju sekitar 3 kilometer ke arah timur menuju pintu gerbang masuk."
22,Dayeuh Luhur,Wisata Ziarah,Dusun Dayeuh Luhur Desa Dayeuh Luhur Kecamatan Ganeas,Ganeas,09.00 - 17.00,"weekday : Gratis
weekend : Gratis",19375,"Desa Dayeuhluhur merupakan salah satu desa yang ada di dataran tinggi dan hamoir berada di puncak Gunung Rengganis. Dayeuhluhur yang sekarang menjadi desa di Kecamatan Ganeas, Sumedang awal abad 16 ini menjadi ibu kota Kerajaan Sumedanglarang. Jejak sebagai ibukota ini adanya tempat ngahyang Sanghiang Hawu (Sayanghawu) alias Embah Jayaperkasa salah seorang Kandagalante yang setia ke Prabu Geusan Ulun, Raja Sumedanglarang. Di dayehluhur juga ada makam Raja Sumedanglarang dan istrinya, Prabu Geusanulun dan Ratu Harisbaya. Dayeuhluhur menjadi salah satu ikon wisata ziarah di Kabupaten Sumedang. Desa Dayeuh Luhur menjadi salah satu tujuan wisata. Terutama wisata ziarah, karena di tempat ini terdapat makam keramat Prabu Geusan Ulun beserta makam istrinya, Ratu Harisbaya. Selain wisata ziarah, bagi yang ingin menikmati keindahan alam Sumedang, bisa mengunjungi wilayah Desa Dayeuh Luhur karena dari bagian utara wilayah Desa Dayeuh Luhur bisa melihat hamparan kota Sumedang beserta wilayah yang lebih rendah lainnya. Di tempat ini ada beberapa batu besar di puncak Gunung Bongkok yang biasa dinamakan Bagug Anjing. Kemudian ada juga sumber mata air yang dinamakan Cikahuripan."
23,Dewa Siwa Leuwi Seeng,Wisata Buatan,Desa Kaduwulung Kecamatan Situraja ,Situraja,09.00 - 17.00,"weekday : 15000
weekend : 15000",3583,Dewa Siwa Leuwi Seeng merupakan sebuah lokasi wisata yang berada di kawasan Kampung Sanding Desa Kaduwulung Kecamatan Situraja Kabupaten Sumedang. Wisata ini memanfaatkan potensi alam sekitar dan aliran Sungai Cicapar. Tempat wisata ini berada di sebelah timur Kampung Sanding dengan jarak sekitar 100 meter. Pengunjung wisata Leuwi Seeng ini bisa menikmati segarnya suasana alam dan segar serta jernihnya air sungai Cicapar. Anak-anak bisa bermain air di sekitaran tanggul bendungan irigasi. Di pinggiran sungai disediakan sejumlah fasilitas yang akan memanjakan pengunjung wisata Leuwi Seeng ini seperti sejumlah bangunan gazeboo untuk beristirahat dan ada juga tenda Indian.
24,Dewilipa,Wisata Buatan,Desa Cijeler Kecamatan Situraja ,Situraja,09.00 - 17.00,"weekday : 15000
weekend : 15001",1901,"Wisata Dewilipa di Desa Cijeler Kec. Situraja Kab. Sumedang salah satu objek wisata pilihan bagi para traveler. Disana, menyuguhkan spot foto pemandangan alam yang eksotis. Khususnya bagi para penikmat kopi diwaktu senja atau bisa disebut pecinta camping. Dewilipa memiliki konsep dasar yang masuk kategori ekowisata edukatif."
25,Gendeng,Wisata Buatan,"Jalan Raya Tomo-Sumedang Km 29, termasuk ke Dusun Bantar Gintung Desa Karyamukti Kecamatan Tomo",Tomo,09.00 - 17.00,"weekday : 15000
weekend : 15002",0,
26,Gunung Golempang,Wisata Alam,Desa Cipeuteuy Kecamatan  Darmaraja,Darmaraja,09.00 - 17.00,"weekday : 15000
weekend : 15003",0,
27,Gunung Buleud,Wisata Alam,Dusun Leuwiliang Rt.02 Rw.07   Kecamatan Cimanggung,Cimanggung,09.00 - 17.00,"weekday : 15000
weekend : 15004",318,
28,Gunung Gadung,Wisata Alam,Dusun Gunung Gadung RT.01 Rw.04 Desa Sukajaya Kecamatan Sumedang Selatan ,Sumedang Selatan,09.00 - 17.00,"weekday : 15000
weekend : 15005",520,"Kampung Gunung Gadung merupakan sebuah lokasi pemukiman penduduk yang berada di bagian timur wilayah Desa Sukajaya Kecamatan Sumedang Selatan Kabupaten Sumedang. Sebuah lokasi yang cukup jauh dari pusat pemerintahan Desa Sukajaya, dari kantor Desa Sukajaya jaraknya sekitar 2,7 km ke arah selatan melintasi jalan raya Gunung Puyuh - Nangorak dilanjut ke Kampung Cihuni dan Kampung Cipunareun. Jika menggunakan jalan Ciloa - Haurlawang, jaraknya lebih jauh sekitar 3,5 km. Kawasan pemukiman penduduk Kampung Gunung Gadung dikelilingi oleh lahan pertanian berupa lahan pesawahan dan lahan perkebunan. Di bagian barat dan selatan pemukiman penduduknya merupakan lahan pesawahan yang subur karena mendapatkan suplai pengaiaran dari saluran irigasi yang bersumber dari aliran Sungai Cipicung di sebelah utara dekat Kampung Kukulu."
29,Kampung Ciherang,Wisata Buatan,"Cijambu, Kecamatan Tanjungsari Kab. Sumedang Jawa Barat ",Tanjungsari,09.00 - 17.00,"weekday : 15000
weekend : 15006",29678,"Wana wisata Kampoeng Ciherang merupakan kawasan wisata yang relatif baru berdiri yang berada di wilayah Desa Cijambu Kecamatan Tanjungsari. Wana wisata ini berdiri sekitar akhir tahun 2016 di kawasan hutan pinus dekat dengan aliran sungai Ciherang. Wana wisata Kampoeng Ciherang menawarkan wisata alam yang didukung dengan berbagai fasilitas dan wahana yang akan memanjakan pengunjungnya.

Kawasan wisata yang memanfaatkan potensi yang ada di sini seperti tegakan pepohonan pinus dan aliran sungai Ciherang di areal dengan luas mencapai 12 hektar. Sehingga panorama alam hutan pinus yang terjaga keasriannya dengan kesegaran udaranya bisa dimanfaatkan baik bagi pengunjung maupun bagi pengelola.

Pengelola kawasan wisata ini menambahkan berbagai fasilitas dan wahana penunjang yang akan memanjakan pengunjung. Tidak mengherankan jika banyak fasilitas dan wahana yang bisa dicoba oleh pengunjung mulai fasilitas untuk beristirahat atau menenangkan diri sampai dengan wahana yang menantang nyali atau menguji adrenalin pengunjung. Baik wahana yang bisa dipergunakan oleh anak-anak maupun bagi orang tua serta bagi semua kalangan."
30,Kampung Karuhun,Wisata Buatan,"Jl. Pagarbetis Desa  Citengah, Kecamatan  Sumedang Selatan  ",Sumedang Selatan,09.00 - 17.00,"weekday : 15000
weekend : 15007",23891,"Kampung Karuhun merupakan sebuah kawasan wisata terpadu yang berada di wilayah Desa Citengah Kecamatan Sumedang Selatan. Lokasinya sekitar tujuh kilometer dari pusat kota Sumedang ke arah selatan. Kawasan Kampung Karuhun berupa pesawahan berbukit dan lingkungan hutan tropis yang masih terjaga keasriannya.

Di kawasan ini terdapat aliran sungai Cihonje dengan airnya yang jernih mengalir melewati bebatuan. Di bagian hulunya terdapat air terjun Cigorobog yang akan memikat pengunjung. Di sebelah atasnya lagi terdapat hamparan kebun teh Margawindu yang dikelilingi kawasan hutan lindung pada ketinggian 1.200 meter di atas permukaan laut. Dengan lingkungan alam yang masih hijau, Kampung Karuhun menawarkan wisata terpadu dengan konsep eco green park. Sehingga pengunjung akan disuguhkan nuansa alam yang sangat kental dan disediakan berbagai macam bibit pohon yang bisa ditanam di daerah konservasi atau bisa dibawa pulang untuk ditanam sendiri. Di kawasan hutan lindungnya sendiri masih terdapat berbagai jenis satwa yang dilindungi seperti Elang, Lutung, Surili, Kera, berbagai jenis burung, Landak serta masih terdapat kucing besar sejenis Lodaya.

Objek wisata ini bisa diakses menggunakan berbagai jenis kendaraan baik roda dua maupun roda empat. Adapun untuk kendaraan umum menggunakan Angkutan Umum Pedesaan Cipameungpeuk - Citengah. Dilanjut dengan jalan kaki atau menggunakan Ojek. Lokasinya sebelah selatan kota Sumedang dengan jarak 7 km."
31,Marongge,Wisata Ziarah,Desa Marongge Kecamatan Tomo,Tomo,09.00 - 17.00,"weekday : 15000
weekend : 15008",8257,"Makam keramat Marongge paling terkenal dengan kekuatan asihan atau peletnya. Para pengunjung yang memiliki maksud tersebut biasanya menjalankan beberapa tahapan ritual, di antaranya mandi kembang, bertawasul, minum air doa, lalu mandi di aliran Sungai Cilutung Sumedang sambil melarungkan celana dalam yang dipakainya saat itu. Makam keramatnya sendiri terletak di dalam sebuah bangunan yang berada di tengah-tengah Tanah Pemakaman Umum (TPU) yang terbilang cukup tua di Marongge. Itu dapat terlihat dari bentuk beberapa nisan dan tatanan kuburannya yang sudah berantakan."
32,Nabawadatala,Wisata Buatan,Desa Citengah Cisoka Kecamatan  Sumedang Selatan,Sumedang Selatan,09.00 - 17.00,"weekday : 15000
weekend : 15009",6751,"Wisata Alam Nabawatadala merupakan salah satu tempat wisata yang menyajikan pemandangan alam hijau. Tidak hanya itu, tempat wisata ini juga mempunyai beberapa spot foto yang instagramable. Tempat wisata ini menyajikan suasana alam yang asri karena berada di tengah perbukitan. Di sini, pengunjung bisa melihat sungai yang mengalir jernih sehingga membuat suasana semakin adem yang mana cocok untuk healing. Apabila ingin menikmati keindahan wisata ini lebih lama, pengunjung bisa menginap di beberapa vila nyaman yang berkonsep rumah pedesaan. Seperti yang telah dijelaskan sebelumnya, di sini wisatawan bisa menikmati berbagai fasilitas menarik, seperti kolam renang. Di sini terdapat dua kolam renang, yaitu untuk anak-anak dan dewasa. Bagi yang menyukai kuliner, tempat ini menyediakan berbagai pilihan kuliner khas yang lezat dan enak. Salah satu kuliner andalan yang patut dicoba ketika datang ke sini adalah nasi liwet yang pulen dengan rasa gurihnya. Selain nasi liwet, pengunjung juga bisa menikmati camilan lezat, seperti batagor, gorengan, bakso, hingga teh. Selain itu, tempat ini juga mempunyai beberapa spot foto, seperti star, payung warna, rumah alam, sky tree, bamboo nest, chair tree, dan perahu naga. "
33,Nangorak Camp / Kawasan Agroteknobis Sumedang,Wisata Buatan,Dusun Nangorak RT.02 Rt.07 Desa Margamekar Kecamatan Sumedang selatan ,Sumedang Selatan,09.00 - 17.00,"weekday : 35000
weekend : 35000",1094,"Di agrowisata Kampung Nangorak ini wisatawan bisa melihat dan ikut dalam aktivitas perkebunan, pertanian, serta budidaya tanaman dari 250 jenis tanaman dan pohon. Wisatawan yang datang juga bisa berjalan-jalan di kebun strawberry sambil memetik dan mencicipi buahnya yang terlihat merah ketuaan. Selain itu, bagi anda yang hobi memancing, juga terdapat tempat memancing disini. Di lahan tertinggi dari kawasan agroteknobisnis ini yang berbatasan dengan hutan asli / premier juga dapat digunakan untuk camping."
34,Pangjugjugan,Wisata Alam,"Dusun Babakan Anjun, RT. 3/10, Desa Cilembu, Kecamatan Pamulihan, Cilembu, Pamulihan, Kabupaten Sumedang,",Pamulihan,09.00 - 17.00,"weekday : Gratis
weekend : Gratis",23844,"Wisata Alam Pangjugjugan di Sumedang menawarkan suasana menenangkan. Objek wisata ini berada di lingkungan pedesaan atau tepatnya di Dusun Babakan Anjun, Desa Cilembu, Kecamatan Pamulihan, Kabupaten Sumedang, Jawa Barat. Berada di bawah kaki gunung Kareumbi, Objek wisata ini menyuguhkan panorama alam pegunungan, hutan pinus dan perkebunan. Sejumlah fasilitas ada di objek wisata ini mulai dari kolam renang lengkap dengan waterboom, area permainan anak, taman hijau berumput, perkebunan, restoran, penginapan, area camping, aula panggung, tempat parkir, toilet, musala dan fasilitas lainnya."
35,Pesona Cakra,Wisata Alam,"Kp. sukanyiru, desa, Sukajadi, Kec. Wado, Kabupaten Sumedang, Jawa Barat 45373",Wado,09.00 - 17.00,"weekday : Gratis
weekend : Gratis",0,
36,Pesona Jatigede,Wisata Buatan,Dusun Ciduging Desa Tarunajaya Kecamatan Darmaraja ,Darmaraja,09.00 - 17.00,"weekday : Gratis
weekend : Gratis",0,
37,Puncak Permata,Wisata Buatan,"Desa Jemah, Kecamatan Jatigede",Jatigede,09.00 - 17.00,"weekday : Gratis
weekend : Gratis",116493,"Puncak Permata berada ditepian Waduk Jatigede atau berada di Jalan Lingkar Timur Waduk Jatigede yang menghubungkan wilayah Tomo dan Wado di Kabupaten Sumedang. Selain itu, ruas Jalan Lingkar Timur Waduk Jatigede juga menghubungkan wilayah Kabupaten Garut dan Tasikmalaya dengan Kabupaten Majalengka. Dikawasan wisata ini, Anda juga dapat menyaksikan pemandangan matahari terbenam atau sunset. Tempat wisata ini menyuguhkan panorama alam berupa bukit -bukit kecil diantara hamparan air waduk Jatigede. Air waduk Jatigede bergradasi warna biru yang berpadu dengan langit berwarna biru, menambah pesona keindahan dan menjadi spot foto yang instagramable."
38,Sagara Munjul,Wisata Ziarah,Desa Sukamenak Kecamatan Darmaraja ,Darmaraja,09.00 - 17.00,"weekday : Gratis
weekend : Gratis",0,
39,Samalengoh,Wisata Buatan,Desa Gunturmekar Kecamatan  Tanjungkerta Kabupaten Sumedang ,Tanjungkerta,09.00 - 17.00,"weekday : Gratis
weekend : Gratis",2229,"Di Sumedang terdapat tempat camping yang menarik untuk disinggahi. lokasinya berada di Bumi Perkemahan Blok Gunung Gajah atau biasa disebut Samalengoh Camp. Selain menawarkan panorama alam memikat, udara di kawasan perbukitan ini juga sejuk. Pada malam hari, wisatawan juga akan disuguhkan dengan hamparan pemandangan cahaya lampu yang berasal dari kawasan perkotaan Sumedang. Ribuan lampu yang menyinari “Citylight” dengan latar belakang Gunung Tampomas.

Samalengoh Camp berada diantara 4 Desa. Desa GunturMekar, Desa Pamarisen, Desa Sukamaju dan Desa Cibungur. Untuk rute menunju lokasi bisa diakses melalu keempat Desa terbut, tapi yang paling direkomendasikan melalui Desa Pamarisen karena aksesnya lebih bagus."
40,Sapatapaan ,Wisata Buatan,"Desa Citengah Cisoka , Kecamatan  Sumedang Selatan ",Sumedang Selatan,09.00 - 17.00,"weekday : Gratis
weekend : Gratis",0,"Sapatapaan, akronim dari Saung Paragi Tafakur Kabudayaan (Saung tempat menafakuri kebudayaan). Sapatapaan merupakan tempat berinteraksinya seniman dan budayawan yang peduli terhadap Sumedang melalui pengembangan seni, budaya, tradisi dan lingkungan serta juga membangun simpul-simpul pemberdayaan melalui pngembangan seni budaya tradisi dan lingkungan.

Sapatapaan mengusung konsep gabung tiga elemen, yaitu arsitektur Sunda alam Sumedang, dan perilaku masyarakat Sunda. Ini disebutnya Nyaba Ka Sumedang (berkunjung ke Sumedang), sebuah wisata yang berkonsepkan figur urang Sunda berbaur dengan alam dan lingkunganya dan disajikan dalam bentuk foto. Para pengunjung bisa berperan langsung mengenakan pakaian adat Sunda. Seperti laki-laki menggunakan pangsi hitam dan totopong (ikat kepala), sementara perempuan menggunakan kebaya. Properti pakaian ini sudah disediakan pengelola di Sapatapaan."
41,Sirah Cipelang,Wisata Alam,Desa Cipamekar Kecamatan  Conggeang Kabupaten Sumedang,Conggeang,09.00 - 17.00,"weekday : Gratis
weekend : Gratis",3821,"Salah satu objek wisata yang berada di Desa Cipamekar Kecamatan Conggeang. Wisata ini memanfaatkan potensi mata air yang berada di kaki Gunung Tampomas bagian timur. Awalnya merupakan mata air yang menjadi sumber air bagi kawasan sekitar, namun saat ini mulai dikembangkan dengan dibangunnya kolam renang.

Sumber mata airnya keluar dari bukit kecil yang berada di bawah rimbunnya pepohonan yang memenuhi kawasan ini. Karena langsung bersumber dari mata air, air Sirah Cipelang ini sangat jernih. Air dari mata air Sirah Cipelang ini mengalir ke arah timur menuju ke kawasan pesawahan terhampar luas.

Banyak pengunjung yang menjadikan mata air Sirah Cipelang ini sebagai lokasi berlibur dan lokasi wisata selfie (swafoto). Bahkan dengan adanya ikan di dalam kolam penampungan air, pengunjung bisa selfie di bawah air bersama ikan-ikan yang ada di sini."
42,Situ sari,Wisata Alam,Kecamatan Tomo ,Tomo,09.00 - 17.00,"weekday : Gratis
weekend : Gratis",0,
43,Sumur Kajayaan,Wisata Budaya," Desa Ujungjaya, Kecamatan Ujungjaya, Kabupaten Sumedang",Ujungjaya,09.00 - 17.00,"weekday : Gratis
weekend : Gratis",0,
44,Taman Empang Sindulang,Wisata Buatan,Desa Sindulang Kecamatan Cimanggung,Cimanggung,09.00 - 17.00,"weekday : Gratis
weekend : Gratis",1039,
45,Pesona Taman Puspa,Wisata Buatan,Astana Panjang  Cijambu  Kecamatan  Tanjungsari,Tanjungsari,09.00 - 17.00,"weekday : 35000
weekend : 35000",6598,"Kawasan wisata Pesona Taman Puspa ini memiliki sejumlah fasilitas atau wahana yang bisa memanjakan pengunjungnya. Adapun ciri khas yang menjadi andalan dari Pesona Taman Puspa yaitu adanya jembatan gantung untu foto selfie (swafoto) dan utamanya wisata edukasi dengan banyaknya jenis tumbuhan dan tanaman. Sehingga tidak mengherankan jika Pesona Taman Puspa disebutnya sebagai lokasi Wisata Edukasi. Selain berada di kawasan tegakan pepohonan pinus, kawasan Pesona Taman Puspa juga berada di lintasan air irigasi. Aliran air irigasi ini dimanfaatkan sebagai lokasi untuk bermain anak dengan menggunakan perahu yang terbuat dari ban bekas, sebagai papalidan (river tubing). Wahana air lainnya yang akan memanjakan pengunjung Pesona Taman Puspa adalah kolam renang yang bisa digunakan bermain anak-anak. Kolam renang ini dilengkapi dengan dua buah perosotan dengan ukuran panjang yang berbeda. Kolam renang ini berlokasi di sisi timur kawasan wisata Pesona Taman Puspa, sebelah bawah aliran air irigasi."
46,Taman Cecenet,Wisata Buatan,Jl. Cijambu Kadakajaya Kecamatan Tanjungsari ,Tanjungsari,09.00 - 17.00,"weekday : 35000
weekend : 35000",10273,"Taman Cecenet berada di kawasan lahan pertanian di tenggara wilayah Desa Kadakajaya, berupa lahan pesawahan dan lahan ladang yang berbentuk terasering. Tidak mengherankan jika sekeliling Taman Cecenet menyajikan pemandangan alam yang menakjubkan, apalagi memandang ke sebelah timur yang menyajikan pemandangan lahan pertanian di perbukitan yang berwarna-warni. Lelah berkeliling kawasan Taman Cecenet, jangan sungkan untuk berkunjung ke cafe atau resto di Taman Cecenet. Di cafe Taman Cecenet tersedia beberapa jenis makanan yang bisa dipesan oleh pengunjung. Menu makanan yang tersedia diantaranya adalah Sop Iga Kumplit, Ayam, Ikan, Lalap dan Sambal. Tak ketinggalan juga sejumlah menu minuman seperti air kelapa muda dan jus buah-buahan. Bagi yang membawa anak-anak, Taman Cecenet juga menyediakan lokasi untuk bermain anak-anak. Ada perosotan, ayunan dan kuda-kudaan yang akan memanjakan anak-anak bermain di Taman Cecenet. Dan bagi yang menyukai wisata berkemah, di Taman Cecenet juga tersedia lokasi Camping Ground yang bisa digunakan sebagai tempat berkemah. Atau ada yang ingin melaksanakan pesta pernikahan, di Taman Cecenet juga bisa diselenggarakan dengan konsep garden party."
47,Cipeueut Astana Gede (Ziarah),Wisata Ziarah,"Kampung Astana Gede Desa Cipaku 
",Darmaraja,09.00 - 17.00,"weekday : Gratis
weekend : Gratis",79,"Situs Cipeueut atau yang dikenal pula dengan sebutan Astana Cipeueut merupakan sebuah kawasan makam keramat yang berlokasi di Kampung Cipeueut Desa Cipaku Kecamatan Darmaraja. Di lokasi ini terdapat tiga buah makam yang dikeramatkan. Makam tersebut adalah Makam Guru/Prabu Aji Putih, Makam Nyi Mas Ratu Inten/Nyi Mas Nawang Wulan, dan Makam Sanghiang Resi Guru Agung. Situs Cipeueut ini diyakini merupakan makam leluhur Sumedang. Sehingga tidak heran, situs ini menjadi tempat ziarah untuk meminta berkah atau menyampaikan nazar. Hal ini tampak dari sisa-sisa perlengkapan acara ritual."
48,Eyang Sanca Nagara (Mba Mogana) (Ziarah),Wisata Ziarah,Kecamatan Jatinunggal,Jatinunggal,09.00 - 17.00,"weekday : Gratis
weekend : Gratis",0,
49,Gunung Puyuh/Cut Nyakdien (Ziarah),Wisata Ziarah,Desa Sukajaya Kecamatan Sumedang Selatan Jawa Barat 45311,Sumedang Selatan,09.00 - 17.00,"weekday : Gratis
weekend : Gratis",21750,"Walaupun bentuknya kecil dan tidak menyerupai gunung (bisa lebih cocok disebut bukit), namun sudah dikenal dengan nama gunung. Tepatnya dikenal dengan nama Gunung Puyuh. Gunung Puyuh merupakan suatu tempat yang digunakan sebagai kompleks pemakaman bagi para bupati keturunan Prabu Geusan Ulun beserta keluarganya. Jadi Gunung Puyuh merupakan kompleks pemakaman khusus bagi keturunan kerajaan Sumedang Larang. Yang kemudian dijadikan cagar budaya oleh Pemerintah Daerah Kabupaten Sumedang. Sehingga bagi keturunan Sumedang Larang yang ingin berziarah ke leluhurnya, tidak perlu ke mana-mana lagi. Menurut data yang dihimpun oleh Carita Ki Sunda, dari mulai makam Pangeran Rangga Gempol ke II Koesoemahdinata IV ada di sini. Gunung Puyuh dibagi ke dalam beberapa kompleks pemakaman. Ada kompleks A sampai kompleks Z. Berkaitan dengan data nama jenazah yang dimakamkan di Gunung Puyuh, ada di pihak juru kunci Gunung Puyuh. Walaupun bentuknya masih tulisan tangan, namun masih bisa dijadikan acuan mengenai data makam yang ada di sini. Selain makam keturunan Sumedang Larang, ada juga makam pahlawan nasional yang berasal dari Aceh yaitu Cut Nyak Dien. Beliau dimakamkan di Gunung Puyuh ini.

Lokasinya yang berdekatan dengan pusat kota Sumedang, memudahkan sekali dalam mengaksesnya. Jaraknya dari Alun-alun Sumedang sekitar 500 meter ke barat daya. Jalan yang dilaluinya juga bagus, jalan besar beraspal."
50,Pasarean Gede (Ziarah),Wisata Ziarah,Jl. Pangeran Santri Gg. Pasarean Kelurahan Kotakulon Kecamatan Sumedang Selatan ,Sumedang Selatan,09.00 - 17.00,"weekday : Gratis
weekend : Gratis",0,
51,Dewi candarwulan (Ziarah),Wisata Ziarah,Kecamatan Jatigede,Jatigede,09.00 - 17.00,"weekday : Gratis
weekend : Gratis",6752,
52,Panenjoan,Wisata Budaya,Kampung Burujul Desa Jemah Kecamatan Jatigede,Jatigede,09.00 - 17.00,"weekday : 10000
weekend : 10000",84396,"Kawasan wisata Panenjoan merupakan Objek Daerah Tujuan Wisata (ODTW) yang mengandalkan kompleks Rumah Adat Sunda julang ngapak dan kadal depa serta upacara adat Ngalaksa dan Tari Tarawangsa sebagai daya tarik wisata utama. Rumah budaya tersebut, dapat dijadikan sebagai fasilitas berbagai pertunjukan dan latihan yang berkaitan dengan budaya tradisional khususnya Sumedang. Ada empat buah rumah adat yang berada di kawasan ini ditambah dengan satu buah aula besar. Menurut informasi, keberadaan rumah pemangku adat di kawasan tersebut selain berfungsi untuk pelestarian dan pengembangan budaya Sunda, juga akan menjadi daya tarik wisata budaya bagi Kab. Sumedang. Seperti dengan difungsikan sebagai tempat menggelar event-event budaya, di samping upacara adat ngalaksa yang biasa digelar setahun sekali di Rancakalong."
53,Pangcalikan,Wisata Alam,Dusun Tanjung Desa Sukatali Kecamatan Situraja ,Situraja,09.00 - 17.00,"weekday : 10000
weekend : 10000",0,
54,Panineungan Hegar,Wisata Buatan,"Panyingkiran, Cikaramas, Kec. Tanjungmedar, Kabupaten Sumedang, Jawa Barat 45354",Tanjungmedar,09.00 - 17.00,"weekday : 10000
weekend : 10000",5190,"Destinasi wisata Panineungan Hegar ini memang sangat luar biasa indah. Di sini, kita bisa melihat secara jelas pemandangan gunung-gunung dan pemukiman penduduk di wilayah Kabupaten Subang."
55,Rumah Bekas Tinggal Cut Nyak Dien,Wisata Budaya,"Jln. Pangeran Suryaatmadja No 17 A, Kelurahan Regol Wetan Kecamatan Sumedang Selatan ",Sumedang Selatan,09.00 - 17.00,"weekday : Gratis
weekend : Gratis",2681,"Ketika Cut Nyak Dien diasingkan ke Sumedang, oleh Bupati Sumedang saat itu, Pangeran Aria Soeria Atmadja ditempatkan di sebuah rumah panggung. Rumah panggung ini terletak di Kampung Kaum Kelurahan Regol Wetan, tepatnya sekitar 100 meter sebelah barat Masjid Agung Sumedang. Bentuk rumah panggungnya sebagian masih asli. Terutama dinding dan lantai dari bambu. Sedangkan sebagian yang lainnya sudah diganti. Dinding rumah yang lama bentuk anyaman bambunya lebih besar dan tebal. Tiang-tiang utama yang terbuat dari kayu juga masih asli. Tiang-tiangnya masih kokoh tidak dimakan rayap walau sebagian ditanam di dalam tanah."
56,Tahura Gunung Kunci,Wisata Budaya,Jl. Palasari Kampung Citamiang Kelurahan Kota Kulon Kecamatan Sumedang Selatan ,Sumedang Selatan,09.00 - 17.00,"weekday : 10000
weekend : 10000",19804,"Gunung Kunci sendiri menyimpan nilai historis yang panjang. Disini didirikan benteng pertahanan Belanda. Sebenarnya Gunung kunci merupakan bukit kecil yang terletak sekitar 250 m di sebelah barat alun-alun Kota Sumedang.

Kita bisa menuju Gunung Kunci dengan kendaraan umum maupun pribadi. Secara administratif, situs ini masuk dalam wilayah Gunung Panjunan, Kelurahan Kota Kulon, Kecamatan Sumedang Selatan.

Hampir sama seperti lobang Jepang di Bukit Tinggi Sumatera Barat, Gunung Kunci juga memiliki ruangan di dalam yang merupakan lorong-lorong dan ruang-ruang dengan berbagai fungsi. Pada beberapa bagian terdapat lubang ventilasi berupa cerobong besi. Pada bagian puncaknya dibangun kelengkapan benteng berupa bangunan keliling yang mengitari puncak Gunung Kunci, Pada bagian ini terdapat beberapa bagian berdenah setengah lingkaran yang menjorok ke luar."
57,Tahura Gunung Palasari,Wisata Budaya,Kampung Sindang Palay Kelurahan Pasanggrahan Baru Kecamatan Sumedang Selatan ,Sumedang Selatan,09.00 - 17.00,"weekday : Gratis
weekend : Gratis",6623,"Situs wisata sejarah tak melulu identik dengan sepi, berdebu, dan angker. Itulah yang dirasakan saat memasuki objek wisata Taman Hutan Raya (Tahura) Gunung Palasari Sumedang.

Pengunjung yang datang pun disuguhi tak hanya objek bersejarah, tetapi juga wisata alam dan berbagai atraksi. Para pengunjung dapat dengan bebas masuk dan melihat-lihat di gua dan benteng bersejarah dari zaman penjajahan Belanda.

Dengan luas 31,22 hektar ini, kawasan Gunung Palasari memiliki 205 spesies flora. Di antaranya akasia, Eboni, Jati, Pinus dan masih banyak yang lainnya. Gunung ini berada di Kelurahan Kota Kulon, Kecamatan Sumedang Selatan, Kabupaten Sumedang, Jawa Barat."
58,Taman Batu Ciagung,Wisata Alam,Desa  Cipicung Kecamatan  Jatigede Kabupaten  Sumedang,Jatigede,09.00 - 17.00,"weekday : Gratis
weekend : Gratis",0,"Menyusuri kawasan Batu Agung sangat mengesankan berada dihamparan lahan yang ditumbuhi ratusan pohon mangga, aneka tanaman keras serta gemercik aliran sungai Cisaar. Suasana sepi yang sesekali diselingi jeritan puluhan lutung sejenis kera yang dilindungi. Selain memiliki potensi wisata alam Batu Agung menanti kehadiran penggemar olah raga rock climbing dengan kondisi ketinggian dan kecuramannya yang cukup menantang guna uji nyali.

Obyek Wisata Batu Agung di Sumedang Jawa Barat ini sangat cocok sekali buat para wisatawan yang suka dengan petualangan karena untuk menuju Obyek Wisata Batu Agung di Sumedang Jawa Barat di butuhkan kerja keras dan juga penuh rintangan."
59,Tanjung Duriat,Wisata Buatan,Desa Pajagan Kecamatan Cisitu Kabupaten Sumedang ,Cisitu,09.00 - 17.00,"weekday : 20000
weekend : 20000",130344,"Wisata Alam atau Wana Wisata Tanjung Duriat terletak di pesisir barat laut Bendungan Jatigede. Tempat wisata ini menyajikan indahnya pemandangan bendungan Jatigede dari atas bukit yang menjorok ke arah bendungan. Sehingga tidak heran jika dinamakan dengan Tanjung. Kemudian digabung dengan kata Duriat yang berasal dari Bahasa Sunda yang melambangkan kasih sayang. Namun kasih sayang di sini bukan sekedar menggambarkan cinta kasih. Lebih dari itu, pengunjung bisa merasakan nuansa indahnya Waduk Jatigede dan melihat pelangi di saat hujan, melihat terbenamnya matahari dan munculnya bulan.
Untuk mewakili Wana Wisata Tanjung Duriat ini dibangunlah papan penanda (signboard) Tanjung Duriat dengan ikonnya berbentuk logo cinta (love). Tempat ini bisa dijadikan tempat untuk berfoto ria bersama teman (wefie) atau berfoto sendiri (selfie). Di Wana Wisata ini juga terdapat wahana lain yang bisa dijadikan tempat berfoto ria yaitu penanda arah ke beberapa kota yang berada di dunia dan tempat yang berada di seputaran Bendungan Jatigede. Informasi penanda arahnya dilengkapi dengan jarak dari Wana Wisata Tanjung Duriat. Kemudian bisa juga mengunjungi papan nama Bendungan Jatigede yang berukuran raksasa."
60,Tegaljarong,Wisata Buatan,Desa Cijeungjing Kecamatan Jatigede Kabupaten Sumedang ,Jatigede,09.00 - 17.00,"weekday : 20000
weekend : 20000",53731,"Wisata Tegal Jarong merupakan tempat wisata yang berada di wilayah Desa Cijeungjing. Kawasan wisata ini memanfaatkan bendungan Jatigede sebagai objek utama untuk menarik pengunjungnya. Wisata ini berlokasi di pesisir timur laut bendungan Jatigede.

Wisata Tegal Jarong selain menyajikan pemandangan alam bendungan Jatigede, juga menyajikan beberapa lokasi yang bisa digunakan untuk memancing, baik di pesisir bendungan Jatigede maupun agak ke tengah bendungan menggunakan rakit. Termasuk juga penyewaan perahu untuk mengelilingi bendungan Jatigede serta wisata kuliner di atas air bendungan Jatigede."
61,Gunung Kerenceng,Wisata Alam,Dusun Jambu  Air Rw.03 Rt. 06 Desa Sindulang Kecamatan Cimanggung ,Cimanggung,09.00 - 17.00,"weekday : 20000
weekend : 20000",5132,
62,Puncak Damar,Wisata Buatan,Dusun Baros Desa Pakualam Kecamatan Darmaraja,Darmaraja,09.00 - 17.00,"weekday : 20000
weekend : 20000",0,"Tempat wisata di Sumedang selanjutnya adalah puncak damar Baros Jatigede yang menawarkan pemandangan yang sangat luar biasa. Dari tempat ini kita bisa memandangi indahnya waduk Jatigede yang dikelilingi perbukitan dan pegunungan.

Bagi wisatawan yang ingin menyaksikan keindahan puncak damar baros ini anda dapat melewati jalan kawasan hutan dan jalan Desa Paku Alam - Situraja. Letaknya bisa diakses dengan kendaraan roda dua dan empat. Lahan parkir yang cukup luas membuat tempat ini menjadi salah satu tempat yang nyaman untuk wisatawan kunjungi.

Berbagai wahana disediakan disini, wisatawan bisa menikmati fasilitas lesehan di beberapa shelter sampai fasilitas lainnya seperti Gazebo, Camping Ground, Outbound dan tempat bermain anak-anak, mushola kecil dari kayu yang tampak alami. Fasilitas toiletnya juga nyaman dan bersih.
"
63,Waterbom Gajah Depa,Wisata Buatan,"Jl. Raya Serang No.90, Galudra, Cimalaka, Kabupaten Sumedang",Cimalaka,09.00 - 17.00,"weekday : 30000
weekend : 30000",29069,"Wisata Air Gajah Depa merupakan salah satu wisata air yang ada di daerah Cimalaka. Berbagai fasilitas yang melengkapi wisata air Gajah Depa ini akan memanjakan pengunjung yang datang ke Gajah Depa. Salah satu fasilitas yang menjadi andalan wisata air Gajah Depan adalah family slide. Fasilitas bermain ini berbentuk papan luncur berukuran besar. Papan luncur ini bisa digunakan untuk bermain sekeluarga dengan meluncur bersama-sama dari atas. Dengan kapasitas sampai 10 orang, bukan hanya meluncur bersama keluarga saja, tapi bisa digunakan untuk meluncur bersama kelompok atau rombongan. Selain family slide, jenis permainan lain yang bisa dinikmati pengunjung adalah spiral slide atau papan luncur berbentuk spiral dengan panjang lintasan yang cukup memuaskan. Spill bucjet, water ball, water roller, water capsule, dan hand boat adalah jenis permainan di air lainnya yang tak kalah serunya. Semuanya bisa dinikmati oleh pengunjung wisata air Gajah Depa. Bagi yang malas berbasah-basahan, Gajah Depa menyediakan trampolin, istana boneka, dan kereta mini yang masih bisa dinikmati keseruannya."
64,Basisir Muda Demang,Wisata Alam,Kecamatan Darmaraja,Darmaraja,09.00 - 17.00,"weekday : 5000
weekend : 5000",29,
65,Kawasan Wisata Cisoka,Wisata Alam,"Dusun Cisoka, Desa Citengah, Kecamatan Sumedang Selatan, Kabupaten Sumedang, Jawa Barat",Sumedang Selatan,09.00 - 17.00,"weekday : 15000
weekend : 15000",63506,"Objek wisata Cisoka Eco Green Park yang berada di Dusun Cisoka, Desa Citengah, Kecamatan Sumedang Selatan, Kabupaten Sumedang, Jawa Barat. Untuk berkunjung ke objek wisata tersebut, wisatawan setidaknha harus menempuh jarak kurang lebih sekitar 18 Kilometer dari pusat kota Sumedang. Selain itu, wisatawan pun akan menjumpai jalanan yang menanjak dan berkelok khas dataran tinggi, jadi tetaplah berhati-hati dan selalu waspada selama perjalanan. Selain menyuguhkan suasana pegunungan dan perkebunan teh yang asri dan alami dengan danau buatan berikut spot selfie dan perahu, kata Katab, rencana kedepannya aka ada wisata edukasi seperti pembuatan teh dan kopi Cisoka mulai dari proses awal sampai cara penyajiannya."
66,Balong Geulis,Wisata Buatan,Jl. Cibubut-Cibugeul Kampung Cibubut Desa Jayamekar Kecamatan Cibugeul ,Cimalaka,09.00 - 17.00,"weekday : 15000
weekend : 20000",16223,"Balong Geulis merupakan kawasan wisata yang ada di dataran tinggi Kecamatan Cibugel. Di mana kawasan ini terletak di ketinggian 1.174 mdpl. Hal ini membuat tempat tersebut memiliki udara yang lebih sejuk dan view alam yang cantik.Nama Balong Geulis sendiri memiliki makna “kolam cantik”, nama tersebut tentunya sesuai dengan kolam airnya yang jernih dan background pemandangannya yang cantik. Dikelilingi rimbunnya hutan pinus Gunung Kareumbi dan hamparan Kebun Teh Cibubut.Setidaknya ada dua jenis kolam renang yang bisa dijamah di sini, yakni kolam renang utama dengan air jernih dan dikelilingi pemandangan alam yang memukau, perpaduan lautan awan dan pegunungan yang cantik. Lalu, ada kolam anak yang dilengkapi wahana air seperti perosotan warna-warni yang menjadikan kegiatan berenang lebih seru. Fakta menariknya air kedua kolam ini berasal dari sumber mata air asli pegunungan, sehingga terasa dingin dan menyegarkan. Sangat cocok untuk berenang di siang bolong."
67,Kampung Jarami,Wisata Buatan,Jl. Cijambu No. 9 Karang Anyar  Kecamatan Tanjungsari ,Darmaraja,09.00 - 17.00,"weekday : Gratis
weekend : Gratis",9708,"Kampoeng Jarami terletak di Tanjungsari, Kabupaten Sumedang. Jarak dari Alun-Alun Tanjungsari kurang lebih 1.9 km. Banyak fasilitas yang tersedia di objek wisata ini, seperti kolam renang, Gazebo, Taman Bunga dan foodcourt. Untuk yang senang mengabadikan foto. Tempat ini sangat cocok. Terdapat beberapa spot foto yang memang disediakan untuk pengunjung."
68,Kolam Renang Wijaya Kusuma,Wisata Buatan,Jl. Cipanteuneun Desa Cimalaka Kecamatan Cimalaka,Sumedang Selatan,09.00 - 17.00,"weekday : 15000
weekend : 15000",4798,"Wisata air atau kolam renang Wijaya Kusuma merupakan sebuah lokasi wisata yang berada di kawasan Cipanteneun. Wisata air ini berada di sebelah selatan wana wisata Cipanteneun yang dikelilingi oleh tiga aliran sungai kecil berbentuk segitiga. Wisata air ini mulai dikembangkan semenjak tahun 2003. Saat ini fasilitas yang ada di wisata air Wijaya Kusuma diantaranya adalah water boom, empat buah kolam renang yang diperuntukan untuk empat jenis pengunjung yaitu untuk anak TK, SD, SMP dan SMA. Satu lagi fasilitas yang akan memanjakan pengungjung wisata air Wijaya Kusuma yaitu kolam terapi ikan. Kolam terapi ikan ini mulai dibangun semenjak tahun 2010 dan terdapat tiga buah kolam terapi. Dengan adanya kolam terapi ikan ini, pengunjung wisata air Wijaya Kusuma semakin banyak terutama di hari libur. Bukan hanya pengunjung lokal dari wilayah Kabupaten Sumedang, namun juga dari luar wilayah Sumedang seperti Indramayu, Subang, Padalarang, Bandung, Bekasi dan kota-kota besar lainnya. Terapi ikan di kolam terapi ini bisa menyembuhkan berbagai penyakit."
69,Pasirnanjung Cimanggung (Desa Wisata),Wisata Buatan,Desa Pasirnanjung Kecamatan Cimanggung,Cibugel,09.00 - 17.00,"weekday : Gratis
weekend : Gratis",243326,"Desa Pasirnanjung Kecamatan Cimanggung Kabupaten Sumedang sejak dua bulan lalu sedang mengembangkan wilayahnya sebagai Desa Wisata (Dewi). Dengan mengusung konsep ekowisata, Pasirnanjung memanfaatkan potensi alam yang ada sebagai daya tarik bagi para pengunjung. Para pengunjung dapat menikmati suasana alam yang asri dan melihat pemandangan Kabupaten Bandung dari atas karena Desa Pasirnanjung sendiri berada di dataran yang tinggi dengan cuaca yang cukup sejuk."
70,95 Farm,Wisata Buatan,"Margalaksana, Kec. Sumedang Sel., Kabupaten Sumedang, Jawa Barat",Tanjungsari,09.00 - 17.00,"weekday : 25000
weekend : 25000",39777,"95 Farm Villa Resto menawarkan menu andalan seperti Nasi Liwet Ikan Bakar, Nasi Goreng, dan Sate Ayam. Bahan makanan didapatkan dari pasar tradisional dan pasar Inpres Sumedang. Untuk menjaga kualitas, bahan-bahan makanan dapat disimpan maksimal 4 hari di freezer agar tetap segar. Hal ini mencerminkan komitmen mereka terhadap mutu produk yang disajikan kepada pelanggan. Selain menawarkan makanan, 95 Farm Villa Resto menambah pendapatan melalui penyewaan villa, spot foto, dan penjualan pakan hewan karena di dalamnya terdapat beberapa hewan yang pastinya menambah edukasi untuk anak-anak seperti mini zoo di dalam restoran dan villa. Fasilitas yang tersedia meliputi karaoke outdoor, ruang rapat, wedding area, mushola, area parkir luas, dan tempat camping. Semua ini memberikan pengalaman menyeluruh bagi pengunjung. Jadi bukan hanya menawarkan makanan dan minuman serta villa saja, namun juga fasilitas penunjang lainnya bagi konsumen."
71,Karedok (Desa Wisata),Wisata Buatan,"Jl. Sasak Karedok, Karedok, Kec. Jatigede, Kabupaten Sumedang, Jawa Barat 45377",Cimalaka,09.00 - 17.00,"weekday : Gratis
weekend : Gratis",1814,"Masyarakat Desa Karedok memiliki kerajinan tangan yang dibuat dengan memanfaatkan sumberdaya alam berupa bambu dan batok kelapa. @Sedangkan Desa Karedok memiliki lahan pertanian yang subur ada beberapa larangan adat yang tidak boleh di lakukan dalam bidang pertanian yaitu menanam tembakau, bawang merah, dan singkong. Desa Karedok memiliki upacara tradisional yang berkaitan dengan senjata, yaitu upacara Ngarot / Tutup Buku Guar Bumi. Acara ngarot ini dilaksanakan pada saat panen raya, dan sudah berlangsung dari tahun 1900-an sampai sekarang. Adanya upacara-upacara adat tersebut turut pula menghidupkan kesenian tradisional yang biasanya diikutsertakan dalam penyelenggaraan upacara ngarot, seperti kesenian Tayuban, Gondang, dan Kuda Lumping, kecuali Wayang Golek atau Wayang Kulit serta Tari Topeng yang tidak boleh dipergelarkan atau dipertunjukkan dalam upacara adat, demikian juga dalam pesta-pesta atau kegiatan lain di luar penyelenggaraan upacara adat."
72,Teras Kahuripan,Wisata Buatan,"Cikawung No.KM.5, Kadakajaya, Kec. Tanjungsari, Kabupaten Sumedang, Jawa Barat 45362",Cimanggung,09.00 - 17.00,"weekday : Gratis
weekend : Gratis",2470,"Wisata alam Teras Kahuripan merupakan tempat wisata menarik di Sumedang. Seperti namanya, pariwisata ini bertemakan agrowisata, menawarkan pemandangan dan suasana desa yang nyaman. Tempatnya dikelilingi dengan area perkebunan dan hamparan sawah. Lokasi areanya berada di dataran ketinggian sekitar 1100 Mdpl, dengan medan berbukit dan lembah hijau yang tampak menyegarkan. Sebagai tempat wisata, Teras Kahuripan memiliki banyak fasilitas hiburan, seperti area camping, kafe, taman, foodcourt, outbound hingga atraksi budaya kearifan lokal. Di sini juga terdapat banyak spot foto yang bisa dijamah untuk hunting maupun photoshoot. Sementara untuk fasilitas kenyamanan di sini sudah tersedia musala, toilet, gazebo, area parkir, dan aula. Cukup menunjang selayaknya wisata pada umumnya."
73,Leuweung Tiis/Trumanggala,Wisata Alam,"trunamanggala, Kec. Cimalaka, Kabupaten Sumedang, Jawa Barat 45353",Sumedang Selatan,09.00 - 17.00,"weekday : Gratis
weekend : Gratis",1766,"Agrowisata Leuweung Tiis ada di wilayah Desa Trunamanggala, Kecamatan Cimalaka. Selain dekat pusat kota Sumedang, kawasan Agrowisata dengan ketinggian sekitar 691 meter di atas permukaan laut (mdpl) ini, memang memiliki panorama alam yang sangat indah. Disana, cocok bagi para pecinta alam yang gemar melakukan hiking atau berkemah di alam terbuka. Pemandangan kota Sumedang, serta keindahan Gunung Tampomas, juga dapat terlihat jelas di kawasan Agrowisata Leuweung Tiis tersebut. Beberapa fasilitas yang telah tersedia di kawasan Agrowisata Leuweung Tiis. Selain telah disediakan lokasi untuk Camping Ground seluas 1 hektar berikut perlengkapan kempingnya, di sana juga telah tersedia 12 saung paniisan, 1 bangunan gazebo, dan 3 lokal MCK. Leuweung Tiis Sumedang, Angrowisata terbaru dengan view gunung Tampomas, salah satu destinasi wisata unggulan di Kabupaten Sumedang."
74,Bukit Pareugreug,Wisata Alam,"Pajagan, Kec. Cisitu, Kabupaten Sumedang, Jawa Barat 45363",Jatigede,09.00 - 17.00,"weekday : Gratis
weekend : Gratis",1082,"Terletak di Bukit Pareugreug, Desa Pajangan, Kecamatan Cisitu, destinasi bernama Taman Kincir Angin ini terpantau indah lantaran memiliki ragam warna yang cerah. Total terdapat 10.000 ribu kolecer atau kincir angin yang menghiasi lokasi wisata. Pemandangan unik lain yang bisa dinikmati pengunjung di sini adalah suguhan pemandangan khas dataran tinggi yang dikelilingi perbukitan. Selain itu, Bukit Pareugreug juga tidak jauh dari kawasan perairan Bendung Jatigede sehingga makin memanjakan mata. Para pengunjung bisa memanjakan mata di lokasi, juga melakukan aktivitas swafoto alias selfie dengan latar belakang ribuan kincir yang berputar saat dihempas angin."
75,Janspark,Wisata Buatan," Hegarmanah, Kec. Jatinangor, Kabupaten Sumedang, Jawa Barat 45363",Tanjungsari,09.00 - 17.00,"weekday : 30000
weekend : 40000",23984,"Jans Park Jatinangor atau Jatinangor National Flower Park merupakan salah satu destinasi wisata baru di Jatinangor Kabupaten Sumedang atau lebih tepatnya di Jatinangor Nasional Park, Desa Cileles, Kecamatan Jatinangor, Kabupaten Sumedang, Jawa Barat. Tempat wisata ini baru saja dibuka pada tanggal 18 November 2022. Memiliki luas 7.5 hektar Jatinangor National Park (Jans Park) juga menyuguhkan pemandangan menakjubkan pegunungan Manglayang sebagai kelebihannya.
Jatinangor National Flower Park menyajikan berbagai koleksi bunga dan juga memiliki banyak spot foto instagramable yang cocok bagi mereka yang suka berfoto. Selain itu Jans Park juga menyediakan fasilitas lengkap mulai dari Mushola, Food Court, Area Parkir, Toilet, Wahana dan lainnya."
